1286150400000,16.13
1286150760000,16.48
1286151120000,14.51
1286151480000,16.2
1286151840000,18
1286152200000,16.55
1286152560000,17.11
1286152920000,18
1286153280000,16.62
1286153640000,15.56
1286154000000,18
1286154360000,18
1286154720000,16.83
1286155080000,16.83
1286155440000,16.55
1286155800000,17.32
1286156160000,16.55
1286156520000,16.55
1286156880000,15.7
1286157240000,17.11
1286157600000,16.06
1286157960000,16.69
1286158320000,17.39
1286158680000,18
1286159040000,17.25
1286159400000,18
1286159760000,16.34
1286160120000,18
1286160480000,17.04
1286160840000,18
1286161200000,18
1286161560000,18.38
1286161920000,18
1286162280000,18
1286162640000,18
1286163000000,19.17
1286163360000,19.72
1286163720000,20.32
1286164080000,22.9
1286164440000,21
1286164800000,22
1286165160000,22
1286165520000,21
1286165880000,22
1286166240000,22
1286166600000,25.6
1286166960000,23
1286167320000,22
1286167680000,22
1286168040000,23
1286168400000,23
1286168760000,26.29
1286169120000,24
1286169480000,24
1286169840000,24
1286170200000,24
1286170560000,24
1286170920000,26
1286171280000,25
1286171640000,23
1286172000000,24
1286172360000,25
1286172720000,26
1286173080000,26
1286173440000,26
1286173800000,25
1286174160000,25
1286174520000,26
1286174880000,26
1286175240000,26
1286175600000,25
1286175960000,25
1286176320000,25
1286176680000,26
1286177040000,26
1286177400000,26
1286177760000,26
1286178120000,26
1286178480000,26
1286178840000,26
1286179200000,27
1286179560000,27
1286179920000,27
1286180280000,28
1286180640000,28
1286181000000,29
1286181360000,28
1286181720000,26
1286182080000,26
1286182440000,26
1286182800000,26
1286183160000,26
1286183520000,26
1286183880000,24
1286184240000,25
1286184600000,25
1286184960000,25
1286185320000,25
1286185680000,23
1286186040000,24
1286186400000,24
1286186760000,25
1286187120000,25
1286187480000,25
1286187840000,24
1286188200000,24
1286188560000,25
1286188920000,25
1286189280000,25
1286189640000,24
1286190000000,24
1286190360000,24
1286190720000,25
1286191080000,25
1286191440000,24
1286191800000,24
1286192160000,24
1286192520000,24
1286192880000,24
1286193240000,25
1286193600000,23
1286193960000,23
1286194320000,23
1286194680000,24
1286195040000,24
1286195400000,24
1286195760000,23
1286196120000,23
1286196480000,24
1286196840000,24
1286197200000,24
1286197560000,23
1286197920000,23
1286198280000,23
1286198640000,24
1286199000000,24
1286199360000,24
1286199720000,23
1286200080000,23
1286200440000,23
1286200800000,24
1286201160000,23
1286201520000,23
1286201880000,23
1286202240000,23
1286202600000,24
1286202960000,24
1286203320000,24
1286203680000,24
1286204040000,25
1286204400000,26
1286204760000,27
1286205120000,28
1286205480000,29
1286205840000,29
1286206200000,29
1286206560000,29
1286206920000,29
1286207280000,28
1286207640000,29
1286208000000,29
1286208360000,29
1286208720000,29
1286209080000,27
1286209440000,30
1286209800000,29
1286210160000,29
1286210520000,30
1286210880000,32
1286211240000,30
1286211600000,30
1286211960000,29
1286212320000,30
1286212680000,29
1286213040000,31
1286213400000,31
1286213760000,31
1286214120000,29.41
1286214480000,29.25
1286214840000,28.54
1286215200000,27.44
1286215560000,27.82
1286215920000,27.33
1286216280000,30
1286216640000,27.93
1286217000000,26.51
1286217360000,25
1286217720000,25.74
1286218080000,23.2
1286218440000,26.89
1286218800000,25.41
1286219160000,25.74
1286219520000,23.5
1286219880000,23.72
1286220240000,24.15
1286220600000,22.07
1286220960000,24.26
1286221320000,24
1286221680000,23.06
1286222040000,23
1286222400000,24
1286222760000,22.35
1286223120000,22.46
1286223480000,22.51
1286223840000,21.42
1286224200000,21.42
1286224560000,23
1286224920000,20.27
1286225280000,20.81
1286225640000,20.1
1286226000000,19.44
1286226360000,19.12
1286226720000,17.47
1286227080000,20
1286227440000,20
1286227800000,20
1286228160000,19
1286228520000,19
1286228880000,19
1286229240000,19
1286229600000,18
1286229960000,17.2
1286230320000,18
1286230680000,18
1286231040000,18
1286231400000,17
1286231760000,17
1286232120000,17
1286232480000,17
1286232840000,18
1286233200000,17
1286233560000,18
1286233920000,18
1286234280000,18
1286234640000,17
1286235000000,17
1286235360000,17
1286235720000,19.17
1286236080000,20.21
1286236440000,19.12
1286236800000,16.13
1286237160000,16.48
1286237520000,14.51
1286237880000,16.2
1286238240000,18
1286238600000,16.55
1286238960000,17.11
1286239320000,18
1286239680000,16.62
1286240040000,15.56
1286240400000,18
1286240760000,18
1286241120000,16.83
1286241480000,16.83
1286241840000,16.55
1286242200000,17.32
1286242560000,16.55
1286242920000,16.55
1286243280000,15.7
1286243640000,17.11
1286244000000,16.06
1286244360000,16.69
1286244720000,17.39
1286245080000,18
1286245440000,17.25
1286245800000,18
1286246160000,16.34
1286246520000,18
1286246880000,17.04
1286247240000,18
1286247600000,18
1286247960000,18.38
1286248320000,18
1286248680000,18
1286249040000,18
1286249400000,19.17
1286249760000,19.72
1286250120000,20.32
1286250480000,22.9
1286250840000,21
1286251200000,22
1286251560000,22
1286251920000,21
1286252280000,22
1286252640000,22
1286253000000,25.6
1286253360000,23
1286253720000,22
1286254080000,22
1286254440000,23
1286254800000,23
1286255160000,26.29
1286255520000,24
1286255880000,24
1286256240000,24
1286256600000,24
1286256960000,24
1286257320000,26
1286257680000,25
1286258040000,23
1286258400000,24
1286258760000,25
1286259120000,26
1286259480000,26
1286259840000,26
1286260200000,25
1286260560000,25
1286260920000,26
1286261280000,26
1286261640000,26
1286262000000,25
1286262360000,25
1286262720000,25
1286263080000,26
1286263440000,26
1286263800000,26
1286264160000,26
1286264520000,26
1286264880000,26
1286265240000,26
1286265600000,27
1286265960000,27
1286266320000,27
1286266680000,28
1286267040000,28
1286267400000,29
1286267760000,28
1286268120000,26
1286268480000,26
1286268840000,26
1286269200000,26
1286269560000,26
1286269920000,26
1286270280000,24
1286270640000,25
1286271000000,25
1286271360000,25
1286271720000,25
1286272080000,23
1286272440000,24
1286272800000,24
1286273160000,25
1286273520000,25
1286273880000,25
1286274240000,24
1286274600000,24
1286274960000,25
1286275320000,25
1286275680000,25
1286276040000,24
1286276400000,24
1286276760000,24
1286277120000,25
1286277480000,25
1286277840000,24
1286278200000,24
1286278560000,24
1286278920000,24
1286279280000,24
1286279640000,25
1286280000000,23
1286280360000,23
1286280720000,23
1286281080000,24
1286281440000,24
1286281800000,24
1286282160000,23
1286282520000,23
1286282880000,24
1286283240000,24
1286283600000,24
1286283960000,23
1286284320000,23
1286284680000,23
1286285040000,24
1286285400000,24
1286285760000,24
1286286120000,23
1286286480000,23
1286286840000,23
1286287200000,24
1286287560000,23
1286287920000,23
1286288280000,23
1286288640000,23
1286289000000,24
1286289360000,24
1286289720000,24
1286290080000,24
1286290440000,25
1286290800000,26
1286291160000,27
1286291520000,28
1286291880000,29
1286292240000,29
1286292600000,29
1286292960000,29
1286293320000,29
1286293680000,28
1286294040000,29
1286294400000,29
1286294760000,29
1286295120000,29
1286295480000,27
1286295840000,30
1286296200000,29
1286296560000,29
1286296920000,30
1286297280000,32
1286297640000,30
1286298000000,30
1286298360000,29
1286298720000,30
1286299080000,29
1286299440000,31
1286299800000,31
1286300160000,31
1286300520000,29.41
1286300880000,29.25
1286301240000,28.54
1286301600000,27.44
1286301960000,27.82
1286302320000,27.33
1286302680000,30
1286303040000,27.93
1286303400000,26.51
1286303760000,25
1286304120000,25.74
1286304480000,23.2
1286304840000,26.89
1286305200000,25.41
1286305560000,25.74
1286305920000,23.5
1286306280000,23.72
1286306640000,24.15
1286307000000,22.07
1286307360000,24.26
1286307720000,24
1286308080000,23.06
1286308440000,23
1286308800000,24
1286309160000,22.35
1286309520000,22.46
1286309880000,22.51
1286310240000,21.42
1286310600000,21.42
1286310960000,23
1286311320000,20.27
1286311680000,20.81
1286312040000,20.1
1286312400000,19.44
1286312760000,19.12
1286313120000,17.47
1286313480000,20
1286313840000,20
1286314200000,20
1286314560000,19
1286314920000,19
1286315280000,19
1286315640000,19
1286316000000,18
1286316360000,17.2
1286316720000,18
1286317080000,18
1286317440000,18
1286317800000,17
1286318160000,17
1286318520000,17
1286318880000,17
1286319240000,18
1286319600000,17
1286319960000,18
1286320320000,18
1286320680000,18
1286321040000,17
1286321400000,17
1286321760000,17
1286322120000,19.17
1286322480000,20.21
1286322840000,19.12
1286323200000,16.13
1286323560000,16.48
1286323920000,14.51
1286324280000,16.2
1286324640000,18
1286325000000,16.55
1286325360000,17.11
1286325720000,18
1286326080000,16.62
1286326440000,15.56
1286326800000,18
1286327160000,18
1286327520000,16.83
1286327880000,16.83
1286328240000,16.55
1286328600000,17.32
1286328960000,16.55
1286329320000,16.55
1286329680000,15.7
1286330040000,17.11
1286330400000,16.06
1286330760000,16.69
1286331120000,17.39
1286331480000,18
1286331840000,17.25
1286332200000,18
1286332560000,16.34
1286332920000,18
1286333280000,17.04
1286333640000,18
1286334000000,18
1286334360000,18.38
1286334720000,18
1286335080000,18
1286335440000,18
1286335800000,19.17
1286336160000,19.72
1286336520000,20.32
1286336880000,22.9
1286337240000,21
1286337600000,22
1286337960000,22
1286338320000,21
1286338680000,22
1286339040000,22
1286339400000,25.6
1286339760000,23
1286340120000,22
1286340480000,22
1286340840000,23
1286341200000,23
1286341560000,26.29
1286341920000,24
1286342280000,24
1286342640000,24
1286343000000,24
1286343360000,24
1286343720000,26
1286344080000,25
1286344440000,23
1286344800000,24
1286345160000,25
1286345520000,26
1286345880000,26
1286346240000,26
1286346600000,25
1286346960000,25
1286347320000,26
1286347680000,26
1286348040000,26
1286348400000,25
1286348760000,25
1286349120000,25
1286349480000,26
1286349840000,26
1286350200000,26
1286350560000,26
1286350920000,26
1286351280000,26
1286351640000,26
1286352000000,27
1286352360000,27
1286352720000,27
1286353080000,28
1286353440000,28
1286353800000,29
1286354160000,28
1286354520000,26
1286354880000,26
1286355240000,26
1286355600000,26
1286355960000,26
1286356320000,26
1286356680000,24
1286357040000,25
1286357400000,25
1286357760000,25
1286358120000,25
1286358480000,23
1286358840000,24
1286359200000,24
1286359560000,25
1286359920000,25
1286360280000,25
1286360640000,24
1286361000000,24
1286361360000,25
1286361720000,25
1286362080000,25
1286362440000,24
1286362800000,24
1286363160000,24
1286363520000,25
1286363880000,25
1286364240000,24
1286364600000,24
1286364960000,24
1286365320000,24
1286365680000,24
1286366040000,25
1286366400000,23
1286366760000,23
1286367120000,23
1286367480000,24
1286367840000,24
1286368200000,24
1286368560000,23
1286368920000,23
1286369280000,24
1286369640000,24
1286370000000,24
1286370360000,23
1286370720000,23
1286371080000,23
1286371440000,24
1286371800000,24
1286372160000,24
1286372520000,23
1286372880000,23
1286373240000,23
1286373600000,24
1286373960000,23
1286374320000,23
1286374680000,23
1286375040000,23
1286375400000,24
1286375760000,24
1286376120000,24
1286376480000,24
1286376840000,25
1286377200000,26
1286377560000,27
1286377920000,28
1286378280000,29
1286378640000,29
1286379000000,29
1286379360000,29
1286379720000,29
1286380080000,28
1286380440000,29
1286380800000,29
1286381160000,29
1286381520000,29
1286381880000,27
1286382240000,30
1286382600000,29
1286382960000,29
1286383320000,30
1286383680000,32
1286384040000,30
1286384400000,30
1286384760000,29
1286385120000,30
1286385480000,29
1286385840000,31
1286386200000,31
1286386560000,31
1286386920000,29.41
1286387280000,29.25
1286387640000,28.54
1286388000000,27.44
1286388360000,27.82
1286388720000,27.33
1286389080000,30
1286389440000,27.93
1286389800000,26.51
1286390160000,25
1286390520000,25.74
1286390880000,23.2
1286391240000,26.89
1286391600000,25.41
1286391960000,25.74
1286392320000,23.5
1286392680000,23.72
1286393040000,24.15
1286393400000,22.07
1286393760000,24.26
1286394120000,24
1286394480000,23.06
1286394840000,23
1286395200000,24
1286395560000,22.35
1286395920000,22.46
1286396280000,22.51
1286396640000,21.42
1286397000000,21.42
1286397360000,23
1286397720000,20.27
1286398080000,20.81
1286398440000,20.1
1286398800000,19.44
1286399160000,19.12
1286399520000,17.47
1286399880000,20
1286400240000,20
1286400600000,20
1286400960000,19
1286401320000,19
1286401680000,19
1286402040000,19
1286402400000,18
1286402760000,17.2
1286403120000,18
1286403480000,18
1286403840000,18
1286404200000,17
1286404560000,17
1286404920000,17
1286405280000,17
1286405640000,18
1286406000000,17
1286406360000,18
1286406720000,18
1286407080000,18
1286407440000,17
1286407800000,17
1286408160000,17
1286408520000,19.17
1286408880000,20.21
1286409240000,19.12
1286409600000,16.13
1286409960000,16.48
1286410320000,14.51
1286410680000,16.2
1286411040000,18
1286411400000,16.55
1286411760000,17.11
1286412120000,18
1286412480000,16.62
1286412840000,15.56
1286413200000,18
1286413560000,18
1286413920000,16.83
1286414280000,16.83
1286414640000,16.55
1286415000000,17.32
1286415360000,16.55
1286415720000,16.55
1286416080000,15.7
1286416440000,17.11
1286416800000,16.06
1286417160000,16.69
1286417520000,17.39
1286417880000,18
1286418240000,17.25
1286418600000,18
1286418960000,16.34
1286419320000,18
1286419680000,17.04
1286420040000,18
1286420400000,18
1286420760000,18.38
1286421120000,18
1286421480000,18
1286421840000,18
1286422200000,19.17
1286422560000,19.72
1286422920000,20.32
1286423280000,22.9
1286423640000,21
1286424000000,22
1286424360000,22
1286424720000,21
1286425080000,22
1286425440000,22
1286425800000,25.6
1286426160000,23
1286426520000,22
1286426880000,22
1286427240000,23
1286427600000,23
1286427960000,26.29
1286428320000,24
1286428680000,24
1286429040000,24
1286429400000,24
1286429760000,24
1286430120000,26
1286430480000,25
1286430840000,23
1286431200000,24
1286431560000,25
1286431920000,26
1286432280000,26
1286432640000,26
1286433000000,25
1286433360000,25
1286433720000,26
1286434080000,26
1286434440000,26
1286434800000,25
1286435160000,25
1286435520000,25
1286435880000,26
1286436240000,26
1286436600000,26
1286436960000,26
1286437320000,26
1286437680000,26
1286438040000,26
1286438400000,27
1286438760000,27
1286439120000,27
1286439480000,28
1286439840000,28
1286440200000,29
1286440560000,28
1286440920000,26
1286441280000,26
1286441640000,26
1286442000000,26
1286442360000,26
1286442720000,26
1286443080000,24
1286443440000,25
1286443800000,25
1286444160000,25
1286444520000,25
1286444880000,23
1286445240000,24
1286445600000,24
1286445960000,25
1286446320000,25
1286446680000,25
1286447040000,24
1286447400000,24
1286447760000,25
1286448120000,25
1286448480000,25
1286448840000,24
1286449200000,24
1286449560000,24
1286449920000,25
1286450280000,25
1286450640000,24
1286451000000,24
1286451360000,24
1286451720000,24
1286452080000,24
1286452440000,25
1286452800000,23
1286453160000,23
1286453520000,23
1286453880000,24
1286454240000,24
1286454600000,24
1286454960000,23
1286455320000,23
1286455680000,24
1286456040000,24
1286456400000,24
1286456760000,23
1286457120000,23
1286457480000,23
1286457840000,24
1286458200000,24
1286458560000,24
1286458920000,23
1286459280000,23
1286459640000,23
1286460000000,24
1286460360000,23
1286460720000,23
1286461080000,23
1286461440000,23
1286461800000,24
1286462160000,24
1286462520000,24
1286462880000,24
1286463240000,25
1286463600000,26
1286463960000,27
1286464320000,28
1286464680000,29
1286465040000,29
1286465400000,29
1286465760000,29
1286466120000,29
1286466480000,28
1286466840000,29
1286467200000,29
1286467560000,29
1286467920000,29
1286468280000,27
1286468640000,30
1286469000000,29
1286469360000,29
1286469720000,30
1286470080000,32
1286470440000,30
1286470800000,30
1286471160000,29
1286471520000,30
1286471880000,29
1286472240000,31
1286472600000,31
1286472960000,31
1286473320000,29.41
1286473680000,29.25
1286474040000,28.54
1286474400000,27.44
1286474760000,27.82
1286475120000,27.33
1286475480000,30
1286475840000,27.93
1286476200000,26.51
1286476560000,25
1286476920000,25.74
1286477280000,23.2
1286477640000,26.89
1286478000000,25.41
1286478360000,25.74
1286478720000,23.5
1286479080000,23.72
1286479440000,24.15
1286479800000,22.07
1286480160000,24.26
1286480520000,24
1286480880000,23.06
1286481240000,23
1286481600000,24
1286481960000,22.35
1286482320000,22.46
1286482680000,22.51
1286483040000,21.42
1286483400000,21.42
1286483760000,23
1286484120000,20.27
1286484480000,20.81
1286484840000,20.1
1286485200000,19.44
1286485560000,19.12
1286485920000,17.47
1286486280000,20
1286486640000,20
1286487000000,20
1286487360000,19
1286487720000,19
1286488080000,19
1286488440000,19
1286488800000,18
1286489160000,17.2
1286489520000,18
1286489880000,18
1286490240000,18
1286490600000,17
1286490960000,17
1286491320000,17
1286491680000,17
1286492040000,18
1286492400000,17
1286492760000,18
1286493120000,18
1286493480000,18
1286493840000,17
1286494200000,17
1286494560000,17
1286494920000,19.17
1286495280000,20.21
1286495640000,19.12
1286496000000,16.13
1286496360000,16.48
1286496720000,14.51
1286497080000,16.2
1286497440000,18
1286497800000,16.55
1286498160000,17.11
1286498520000,18
1286498880000,16.62
1286499240000,15.56
1286499600000,18
1286499960000,18
1286500320000,16.83
1286500680000,16.83
1286501040000,16.55
1286501400000,17.32
1286501760000,16.55
1286502120000,16.55
1286502480000,15.7
1286502840000,17.11
1286503200000,16.06
1286503560000,16.69
1286503920000,17.39
1286504280000,18
1286504640000,17.25
1286505000000,18
1286505360000,16.34
1286505720000,18
1286506080000,17.04
1286506440000,18
1286506800000,18
1286507160000,18.38
1286507520000,18
1286507880000,18
1286508240000,18
1286508600000,19.17
1286508960000,19.72
1286509320000,20.32
1286509680000,22.9
1286510040000,21
1286510400000,22
1286510760000,22
1286511120000,21
1286511480000,22
1286511840000,22
1286512200000,25.6
1286512560000,23
1286512920000,22
1286513280000,22
1286513640000,23
1286514000000,23
1286514360000,26.29
1286514720000,24
1286515080000,24
1286515440000,24
1286515800000,24
1286516160000,24
1286516520000,26
1286516880000,25
1286517240000,23
1286517600000,24
1286517960000,25
1286518320000,26
1286518680000,26
1286519040000,26
1286519400000,25
1286519760000,25
1286520120000,26
1286520480000,26
1286520840000,26
1286521200000,25
1286521560000,25
1286521920000,25
1286522280000,26
1286522640000,26
1286523000000,26
1286523360000,26
1286523720000,26
1286524080000,26
1286524440000,26
1286524800000,27
1286525160000,27
1286525520000,27
1286525880000,28
1286526240000,28
1286526600000,29
1286526960000,28
1286527320000,26
1286527680000,26
1286528040000,26
1286528400000,26
1286528760000,26
1286529120000,26
1286529480000,24
1286529840000,25
1286530200000,25
1286530560000,25
1286530920000,25
1286531280000,23
1286531640000,24
1286532000000,24
1286532360000,25
1286532720000,25
1286533080000,25
1286533440000,24
1286533800000,24
1286534160000,25
1286534520000,25
1286534880000,25
1286535240000,24
1286535600000,24
1286535960000,24
1286536320000,25
1286536680000,25
1286537040000,24
1286537400000,24
1286537760000,24
1286538120000,24
1286538480000,24
1286538840000,25
1286539200000,23
1286539560000,23
1286539920000,23
1286540280000,24
1286540640000,24
1286541000000,24
1286541360000,23
1286541720000,23
1286542080000,24
1286542440000,24
1286542800000,24
1286543160000,23
1286543520000,23
1286543880000,23
1286544240000,24
1286544600000,24
1286544960000,24
1286545320000,23
1286545680000,23
1286546040000,23
1286546400000,24
1286546760000,23
1286547120000,23
1286547480000,23
1286547840000,23
1286548200000,24
1286548560000,24
1286548920000,24
1286549280000,24
1286549640000,25
1286550000000,26
1286550360000,27
1286550720000,28
1286551080000,29
1286551440000,29
1286551800000,29
1286552160000,29
1286552520000,29
1286552880000,28
1286553240000,29
1286553600000,29
1286553960000,29
1286554320000,29
1286554680000,27
1286555040000,30
1286555400000,29
1286555760000,29
1286556120000,30
1286556480000,32
1286556840000,30
1286557200000,30
1286557560000,29
1286557920000,30
1286558280000,29
1286558640000,31
1286559000000,31
1286559360000,31
1286559720000,29.41
1286560080000,29.25
1286560440000,28.54
1286560800000,27.44
1286561160000,27.82
1286561520000,27.33
1286561880000,30
1286562240000,27.93
1286562600000,26.51
1286562960000,25
1286563320000,25.74
1286563680000,23.2
1286564040000,26.89
1286564400000,25.41
1286564760000,25.74
1286565120000,23.5
1286565480000,23.72
1286565840000,24.15
1286566200000,22.07
1286566560000,24.26
1286566920000,24
1286567280000,23.06
1286567640000,23
1286568000000,24
1286568360000,22.35
1286568720000,22.46
1286569080000,22.51
1286569440000,21.42
1286569800000,21.42
1286570160000,23
1286570520000,20.27
1286570880000,20.81
1286571240000,20.1
1286571600000,19.44
1286571960000,19.12
1286572320000,17.47
1286572680000,20
1286573040000,20
1286573400000,20
1286573760000,19
1286574120000,19
1286574480000,19
1286574840000,19
1286575200000,18
1286575560000,17.2
1286575920000,18
1286576280000,18
1286576640000,18
1286577000000,17
1286577360000,17
1286577720000,17
1286578080000,17
1286578440000,18
1286578800000,17
1286579160000,18
1286579520000,18
1286579880000,18
1286580240000,17
1286580600000,17
1286580960000,17
1286581320000,19.17
1286581680000,20.21
1286582040000,19.12
1286582400000,16.13
1286582760000,16.48
1286583120000,14.51
1286583480000,16.2
1286583840000,18
1286584200000,16.55
1286584560000,17.11
1286584920000,18
1286585280000,16.62
1286585640000,15.56
1286586000000,18
1286586360000,18
1286586720000,16.83
1286587080000,16.83
1286587440000,16.55
1286587800000,17.32
1286588160000,16.55
1286588520000,16.55
1286588880000,15.7
1286589240000,17.11
1286589600000,16.06
1286589960000,16.69
1286590320000,17.39
1286590680000,18
1286591040000,17.25
1286591400000,18
1286591760000,16.34
1286592120000,18
1286592480000,17.04
1286592840000,18
1286593200000,18
1286593560000,18.38
1286593920000,18
1286594280000,18
1286594640000,18
1286595000000,19.17
1286595360000,19.72
1286595720000,20.32
1286596080000,22.9
1286596440000,21
1286596800000,22
1286597160000,22
1286597520000,21
1286597880000,22
1286598240000,22
1286598600000,25.6
1286598960000,23
1286599320000,22
1286599680000,22
1286600040000,23
1286600400000,23
1286600760000,26.29
1286601120000,24
1286601480000,24
1286601840000,24
1286602200000,24
1286602560000,24
1286602920000,26
1286603280000,25
1286603640000,23
1286604000000,24
1286604360000,25
1286604720000,26
1286605080000,26
1286605440000,26
1286605800000,25
1286606160000,25
1286606520000,26
1286606880000,26
1286607240000,26
1286607600000,25
1286607960000,25
1286608320000,25
1286608680000,26
1286609040000,26
1286609400000,26
1286609760000,26
1286610120000,26
1286610480000,26
1286610840000,26
1286611200000,27
1286611560000,27
1286611920000,27
1286612280000,28
1286612640000,28
1286613000000,29
1286613360000,28
1286613720000,26
1286614080000,26
1286614440000,26
1286614800000,26
1286615160000,26
1286615520000,26
1286615880000,24
1286616240000,25
1286616600000,25
1286616960000,25
1286617320000,25
1286617680000,23
1286618040000,24
1286618400000,24
1286618760000,25
1286619120000,25
1286619480000,25
1286619840000,24
1286620200000,24
1286620560000,25
1286620920000,25
1286621280000,25
1286621640000,24
1286622000000,24
1286622360000,24
1286622720000,25
1286623080000,25
1286623440000,24
1286623800000,24
1286624160000,24
1286624520000,24
1286624880000,24
1286625240000,25
1286625600000,23
1286625960000,23
1286626320000,23
1286626680000,24
1286627040000,24
1286627400000,24
1286627760000,23
1286628120000,23
1286628480000,24
1286628840000,24
1286629200000,24
1286629560000,23
1286629920000,23
1286630280000,23
1286630640000,24
1286631000000,24
1286631360000,24
1286631720000,23
1286632080000,23
1286632440000,23
1286632800000,24
1286633160000,23
1286633520000,23
1286633880000,23
1286634240000,23
1286634600000,24
1286634960000,24
1286635320000,24
1286635680000,24
1286636040000,25
1286636400000,26
1286636760000,27
1286637120000,28
1286637480000,29
1286637840000,29
1286638200000,29
1286638560000,29
1286638920000,29
1286639280000,28
1286639640000,29
1286640000000,29
1286640360000,29
1286640720000,29
1286641080000,27
1286641440000,30
1286641800000,29
1286642160000,29
1286642520000,30
1286642880000,32
1286643240000,30
1286643600000,30
1286643960000,29
1286644320000,30
1286644680000,29
1286645040000,31
1286645400000,31
1286645760000,31
1286646120000,29.41
1286646480000,29.25
1286646840000,28.54
1286647200000,27.44
1286647560000,27.82
1286647920000,27.33
1286648280000,30
1286648640000,27.93
1286649000000,26.51
1286649360000,25
1286649720000,25.74
1286650080000,23.2
1286650440000,26.89
1286650800000,25.41
1286651160000,25.74
1286651520000,23.5
1286651880000,23.72
1286652240000,24.15
1286652600000,22.07
1286652960000,24.26
1286653320000,24
1286653680000,23.06
1286654040000,23
1286654400000,24
1286654760000,22.35
1286655120000,22.46
1286655480000,22.51
1286655840000,21.42
1286656200000,21.42
1286656560000,23
1286656920000,20.27
1286657280000,20.81
1286657640000,20.1
1286658000000,19.44
1286658360000,19.12
1286658720000,17.47
1286659080000,20
1286659440000,20
1286659800000,20
1286660160000,19
1286660520000,19
1286660880000,19
1286661240000,19
1286661600000,18
1286661960000,17.2
1286662320000,18
1286662680000,18
1286663040000,18
1286663400000,17
1286663760000,17
1286664120000,17
1286664480000,17
1286664840000,18
1286665200000,17
1286665560000,18
1286665920000,18
1286666280000,18
1286666640000,17
1286667000000,17
1286667360000,17
1286667720000,19.17
1286668080000,20.21
1286668440000,19.12
1286668800000,16.13
1286669160000,16.48
1286669520000,14.51
1286669880000,16.2
1286670240000,18
1286670600000,16.55
1286670960000,17.11
1286671320000,18
1286671680000,16.62
1286672040000,15.56
1286672400000,18
1286672760000,18
1286673120000,16.83
1286673480000,16.83
1286673840000,16.55
1286674200000,17.32
1286674560000,16.55
1286674920000,16.55
1286675280000,15.7
1286675640000,17.11
1286676000000,16.06
1286676360000,16.69
1286676720000,17.39
1286677080000,18
1286677440000,17.25
1286677800000,18
1286678160000,16.34
1286678520000,18
1286678880000,17.04
1286679240000,18
1286679600000,18
1286679960000,18.38
1286680320000,18
1286680680000,18
1286681040000,18
1286681400000,19.17
1286681760000,19.72
1286682120000,20.32
1286682480000,22.9
1286682840000,21
1286683200000,22
1286683560000,22
1286683920000,21
1286684280000,22
1286684640000,22
1286685000000,25.6
1286685360000,23
1286685720000,22
1286686080000,22
1286686440000,23
1286686800000,23
1286687160000,26.29
1286687520000,24
1286687880000,24
1286688240000,24
1286688600000,24
1286688960000,24
1286689320000,26
1286689680000,25
1286690040000,23
1286690400000,24
1286690760000,25
1286691120000,26
1286691480000,26
1286691840000,26
1286692200000,25
1286692560000,25
1286692920000,26
1286693280000,26
1286693640000,26
1286694000000,25
1286694360000,25
1286694720000,25
1286695080000,26
1286695440000,26
1286695800000,26
1286696160000,26
1286696520000,26
1286696880000,26
1286697240000,26
1286697600000,27
1286697960000,27
1286698320000,27
1286698680000,28
1286699040000,28
1286699400000,29
1286699760000,28
1286700120000,26
1286700480000,26
1286700840000,26
1286701200000,26
1286701560000,26
1286701920000,26
1286702280000,24
1286702640000,25
1286703000000,25
1286703360000,25
1286703720000,25
1286704080000,23
1286704440000,24
1286704800000,24
1286705160000,25
1286705520000,25
1286705880000,25
1286706240000,24
1286706600000,24
1286706960000,25
1286707320000,25
1286707680000,25
1286708040000,24
1286708400000,24
1286708760000,24
1286709120000,25
1286709480000,25
1286709840000,24
1286710200000,24
1286710560000,24
1286710920000,24
1286711280000,24
1286711640000,25
1286712000000,23
1286712360000,23
1286712720000,23
1286713080000,24
1286713440000,24
1286713800000,24
1286714160000,23
1286714520000,23
1286714880000,24
1286715240000,24
1286715600000,24
1286715960000,23
1286716320000,23
1286716680000,23
1286717040000,24
1286717400000,24
1286717760000,24
1286718120000,23
1286718480000,23
1286718840000,23
1286719200000,24
1286719560000,23
1286719920000,23
1286720280000,23
1286720640000,23
1286721000000,24
1286721360000,24
1286721720000,24
1286722080000,24
1286722440000,25
1286722800000,26
1286723160000,27
1286723520000,28
1286723880000,29
1286724240000,29
1286724600000,29
1286724960000,29
1286725320000,29
1286725680000,28
1286726040000,29
1286726400000,29
1286726760000,29
1286727120000,29
1286727480000,27
1286727840000,30
1286728200000,29
1286728560000,29
1286728920000,30
1286729280000,32
1286729640000,30
1286730000000,30
1286730360000,29
1286730720000,30
1286731080000,29
1286731440000,31
1286731800000,31
1286732160000,31
1286732520000,29.41
1286732880000,29.25
1286733240000,28.54
1286733600000,27.44
1286733960000,27.82
1286734320000,27.33
1286734680000,30
1286735040000,27.93
1286735400000,26.51
1286735760000,25
1286736120000,25.74
1286736480000,23.2
1286736840000,26.89
1286737200000,25.41
1286737560000,25.74
1286737920000,23.5
1286738280000,23.72
1286738640000,24.15
1286739000000,22.07
1286739360000,24.26
1286739720000,24
1286740080000,23.06
1286740440000,23
1286740800000,24
1286741160000,22.35
1286741520000,22.46
1286741880000,22.51
1286742240000,21.42
1286742600000,21.42
1286742960000,23
1286743320000,20.27
1286743680000,20.81
1286744040000,20.1
1286744400000,19.44
1286744760000,19.12
1286745120000,17.47
1286745480000,20
1286745840000,20
1286746200000,20
1286746560000,19
1286746920000,19
1286747280000,19
1286747640000,19
1286748000000,18
1286748360000,17.2
1286748720000,18
1286749080000,18
1286749440000,18
1286749800000,17
1286750160000,17
1286750520000,17
1286750880000,17
1286751240000,18
1286751600000,17
1286751960000,18
1286752320000,18
1286752680000,18
1286753040000,17
1286753400000,17
1286753760000,17
1286754120000,19.17
1286754480000,20.21
1286754840000,19.12
1286755200000,16.13
1286755560000,16.48
1286755920000,14.51
1286756280000,16.2
1286756640000,18
1286757000000,16.55
1286757360000,17.11
1286757720000,18
1286758080000,16.62
1286758440000,15.56
1286758800000,18
1286759160000,18
1286759520000,16.83
1286759880000,16.83
1286760240000,16.55
1286760600000,17.32
1286760960000,16.55
1286761320000,16.55
1286761680000,15.7
1286762040000,17.11
1286762400000,16.06
1286762760000,16.69
1286763120000,17.39
1286763480000,18
1286763840000,17.25
1286764200000,18
1286764560000,16.34
1286764920000,18
1286765280000,17.04
1286765640000,18
1286766000000,18
1286766360000,18.38
1286766720000,18
1286767080000,18
1286767440000,18
1286767800000,19.17
1286768160000,19.72
1286768520000,20.32
1286768880000,22.9
1286769240000,21
1286769600000,22
1286769960000,22
1286770320000,21
1286770680000,22
1286771040000,22
1286771400000,25.6
1286771760000,23
1286772120000,22
1286772480000,22
1286772840000,23
1286773200000,23
1286773560000,26.29
1286773920000,24
1286774280000,24
1286774640000,24
1286775000000,24
1286775360000,24
1286775720000,26
1286776080000,25
1286776440000,23
1286776800000,24
1286777160000,25
1286777520000,26
1286777880000,26
1286778240000,26
1286778600000,25
1286778960000,25
1286779320000,26
1286779680000,26
1286780040000,26
1286780400000,25
1286780760000,25
1286781120000,25
1286781480000,26
1286781840000,26
1286782200000,26
1286782560000,26
1286782920000,26
1286783280000,26
1286783640000,26
1286784000000,27
1286784360000,27
1286784720000,27
1286785080000,28
1286785440000,28
1286785800000,29
1286786160000,28
1286786520000,26
1286786880000,26
1286787240000,26
1286787600000,26
1286787960000,26
1286788320000,26
1286788680000,24
1286789040000,25
1286789400000,25
1286789760000,25
1286790120000,25
1286790480000,23
1286790840000,24
1286791200000,24
1286791560000,25
1286791920000,25
1286792280000,25
1286792640000,24
1286793000000,24
1286793360000,25
1286793720000,25
1286794080000,25
1286794440000,24
1286794800000,24
1286795160000,24
1286795520000,25
1286795880000,25
1286796240000,24
1286796600000,24
1286796960000,24
1286797320000,24
1286797680000,24
1286798040000,25
1286798400000,23
1286798760000,23
1286799120000,23
1286799480000,24
1286799840000,24
1286800200000,24
1286800560000,23
1286800920000,23
1286801280000,24
1286801640000,24
1286802000000,24
1286802360000,23
1286802720000,23
1286803080000,23
1286803440000,24
1286803800000,24
1286804160000,24
1286804520000,23
1286804880000,23
1286805240000,23
1286805600000,24
1286805960000,23
1286806320000,23
1286806680000,23
1286807040000,23
1286807400000,24
1286807760000,24
1286808120000,24
1286808480000,24
1286808840000,25
1286809200000,26
1286809560000,27
1286809920000,28
1286810280000,29
1286810640000,29
1286811000000,29
1286811360000,29
1286811720000,29
1286812080000,28
1286812440000,29
1286812800000,29
1286813160000,29
1286813520000,29
1286813880000,27
1286814240000,30
1286814600000,29
1286814960000,29
1286815320000,30
1286815680000,32
1286816040000,30
1286816400000,30
1286816760000,29
1286817120000,30
1286817480000,29
1286817840000,31
1286818200000,31
1286818560000,31
1286818920000,29.41
1286819280000,29.25
1286819640000,28.54
1286820000000,27.44
1286820360000,27.82
1286820720000,27.33
1286821080000,30
1286821440000,27.93
1286821800000,26.51
1286822160000,25
1286822520000,25.74
1286822880000,23.2
1286823240000,26.89
1286823600000,25.41
1286823960000,25.74
1286824320000,23.5
1286824680000,23.72
1286825040000,24.15
1286825400000,22.07
1286825760000,24.26
1286826120000,24
1286826480000,23.06
1286826840000,23
1286827200000,24
1286827560000,22.35
1286827920000,22.46
1286828280000,22.51
1286828640000,21.42
1286829000000,21.42
1286829360000,23
1286829720000,20.27
1286830080000,20.81
1286830440000,20.1
1286830800000,19.44
1286831160000,19.12
1286831520000,17.47
1286831880000,20
1286832240000,20
1286832600000,20
1286832960000,19
1286833320000,19
1286833680000,19
1286834040000,19
1286834400000,18
1286834760000,17.2
1286835120000,18
1286835480000,18
1286835840000,18
1286836200000,17
1286836560000,17
1286836920000,17
1286837280000,17
1286837640000,18
1286838000000,17
1286838360000,18
1286838720000,18
1286839080000,18
1286839440000,17
1286839800000,17
1286840160000,17
1286840520000,19.17
1286840880000,20.21
1286841240000,19.12
1286841600000,16.13
1286841960000,16.48
1286842320000,14.51
1286842680000,16.2
1286843040000,18
1286843400000,16.55
1286843760000,17.11
1286844120000,18
1286844480000,16.62
1286844840000,15.56
1286845200000,18
1286845560000,18
1286845920000,16.83
1286846280000,16.83
1286846640000,16.55
1286847000000,17.32
1286847360000,16.55
1286847720000,16.55
1286848080000,15.7
1286848440000,17.11
1286848800000,16.06
1286849160000,16.69
1286849520000,17.39
1286849880000,18
1286850240000,17.25
1286850600000,18
1286850960000,16.34
1286851320000,18
1286851680000,17.04
1286852040000,18
1286852400000,18
1286852760000,18.38
1286853120000,18
1286853480000,18
1286853840000,18
1286854200000,19.17
1286854560000,19.72
1286854920000,20.32
1286855280000,22.9
1286855640000,21
1286856000000,22
1286856360000,22
1286856720000,21
1286857080000,22
1286857440000,22
1286857800000,25.6
1286858160000,23
1286858520000,22
1286858880000,22
1286859240000,23
1286859600000,23
1286859960000,26.29
1286860320000,24
1286860680000,24
1286861040000,24
1286861400000,24
1286861760000,24
1286862120000,26
1286862480000,25
1286862840000,23
1286863200000,24
1286863560000,25
1286863920000,26
1286864280000,26
1286864640000,26
1286865000000,25
1286865360000,25
1286865720000,26
1286866080000,26
1286866440000,26
1286866800000,25
1286867160000,25
1286867520000,25
1286867880000,26
1286868240000,26
1286868600000,26
1286868960000,26
1286869320000,26
1286869680000,26
1286870040000,26
1286870400000,27
1286870760000,27
1286871120000,27
1286871480000,28
1286871840000,28
1286872200000,29
1286872560000,28
1286872920000,26
1286873280000,26
1286873640000,26
1286874000000,26
1286874360000,26
1286874720000,26
1286875080000,24
1286875440000,25
1286875800000,25
1286876160000,25
1286876520000,25
1286876880000,23
1286877240000,24
1286877600000,24
1286877960000,25
1286878320000,25
1286878680000,25
1286879040000,24
1286879400000,24
1286879760000,25
1286880120000,25
1286880480000,25
1286880840000,24
1286881200000,24
1286881560000,24
1286881920000,25
1286882280000,25
1286882640000,24
1286883000000,24
1286883360000,24
1286883720000,24
1286884080000,24
1286884440000,25
1286884800000,23
1286885160000,23
1286885520000,23
1286885880000,24
1286886240000,24
1286886600000,24
1286886960000,23
1286887320000,23
1286887680000,24
1286888040000,24
1286888400000,24
1286888760000,23
1286889120000,23
1286889480000,23
1286889840000,24
1286890200000,24
1286890560000,24
1286890920000,23
1286891280000,23
1286891640000,23
1286892000000,24
1286892360000,23
1286892720000,23
1286893080000,23
1286893440000,23
1286893800000,24
1286894160000,24
1286894520000,24
1286894880000,24
1286895240000,25
1286895600000,26
1286895960000,27
1286896320000,28
1286896680000,29
1286897040000,29
1286897400000,29
1286897760000,29
1286898120000,29
1286898480000,28
1286898840000,29
1286899200000,29
1286899560000,29
1286899920000,29
1286900280000,27
1286900640000,30
1286901000000,29
1286901360000,29
1286901720000,30
1286902080000,32
1286902440000,30
1286902800000,30
1286903160000,29
1286903520000,30
1286903880000,29
1286904240000,31
1286904600000,31
1286904960000,31
1286905320000,29.41
1286905680000,29.25
1286906040000,28.54
1286906400000,27.44
1286906760000,27.82
1286907120000,27.33
1286907480000,30
1286907840000,27.93
1286908200000,26.51
1286908560000,25
1286908920000,25.74
1286909280000,23.2
1286909640000,26.89
1286910000000,25.41
1286910360000,25.74
1286910720000,23.5
1286911080000,23.72
1286911440000,24.15
1286911800000,22.07
1286912160000,24.26
1286912520000,24
1286912880000,23.06
1286913240000,23
1286913600000,24
1286913960000,22.35
1286914320000,22.46
1286914680000,22.51
1286915040000,21.42
1286915400000,21.42
1286915760000,23
1286916120000,20.27
1286916480000,20.81
1286916840000,20.1
1286917200000,19.44
1286917560000,19.12
1286917920000,17.47
1286918280000,20
1286918640000,20
1286919000000,20
1286919360000,19
1286919720000,19
1286920080000,19
1286920440000,19
1286920800000,18
1286921160000,17.2
1286921520000,18
1286921880000,18
1286922240000,18
1286922600000,17
1286922960000,17
1286923320000,17
1286923680000,17
1286924040000,18
1286924400000,17
1286924760000,18
1286925120000,18
1286925480000,18
1286925840000,17
1286926200000,17
1286926560000,17
1286926920000,19.17
1286927280000,20.21
1286927640000,19.12
1286928000000,16.13
1286928360000,16.48
1286928720000,14.51
1286929080000,16.2
1286929440000,18
1286929800000,16.55
1286930160000,17.11
1286930520000,18
1286930880000,16.62
1286931240000,15.56
1286931600000,18
1286931960000,18
1286932320000,16.83
1286932680000,16.83
1286933040000,16.55
1286933400000,17.32
1286933760000,16.55
1286934120000,16.55
1286934480000,15.7
1286934840000,17.11
1286935200000,16.06
1286935560000,16.69
1286935920000,17.39
1286936280000,18
1286936640000,17.25
1286937000000,18
1286937360000,16.34
1286937720000,18
1286938080000,17.04
1286938440000,18
1286938800000,18
1286939160000,18.38
1286939520000,18
1286939880000,18
1286940240000,18
1286940600000,19.17
1286940960000,19.72
1286941320000,20.32
1286941680000,22.9
1286942040000,21
1286942400000,22
1286942760000,22
1286943120000,21
1286943480000,22
1286943840000,22
1286944200000,25.6
1286944560000,23
1286944920000,22
1286945280000,22
1286945640000,23
1286946000000,23
1286946360000,26.29
1286946720000,24
1286947080000,24
1286947440000,24
1286947800000,24
1286948160000,24
1286948520000,26
1286948880000,25
1286949240000,23
1286949600000,24
1286949960000,25
1286950320000,26
1286950680000,26
1286951040000,26
1286951400000,25
1286951760000,25
1286952120000,26
1286952480000,26
1286952840000,26
1286953200000,25
1286953560000,25
1286953920000,25
1286954280000,26
1286954640000,26
1286955000000,26
1286955360000,26
1286955720000,26
1286956080000,26
1286956440000,26
1286956800000,27
1286957160000,27
1286957520000,27
1286957880000,28
1286958240000,28
1286958600000,29
1286958960000,28
1286959320000,26
1286959680000,26
1286960040000,26
1286960400000,26
1286960760000,26
1286961120000,26
1286961480000,24
1286961840000,25
1286962200000,25
1286962560000,25
1286962920000,25
1286963280000,23
1286963640000,24
1286964000000,24
1286964360000,25
1286964720000,25
1286965080000,25
1286965440000,24
1286965800000,24
1286966160000,25
1286966520000,25
1286966880000,25
1286967240000,24
1286967600000,24
1286967960000,24
1286968320000,25
1286968680000,25
1286969040000,24
1286969400000,24
1286969760000,24
1286970120000,24
1286970480000,24
1286970840000,25
1286971200000,23
1286971560000,23
1286971920000,23
1286972280000,24
1286972640000,24
1286973000000,24
1286973360000,23
1286973720000,23
1286974080000,24
1286974440000,24
1286974800000,24
1286975160000,23
1286975520000,23
1286975880000,23
1286976240000,24
1286976600000,24
1286976960000,24
1286977320000,23
1286977680000,23
1286978040000,23
1286978400000,24
1286978760000,23
1286979120000,23
1286979480000,23
1286979840000,23
1286980200000,24
1286980560000,24
1286980920000,24
1286981280000,24
1286981640000,25
1286982000000,26
1286982360000,27
1286982720000,28
1286983080000,29
1286983440000,29
1286983800000,29
1286984160000,29
1286984520000,29
1286984880000,28
1286985240000,29
1286985600000,29
1286985960000,29
1286986320000,29
1286986680000,27
1286987040000,30
1286987400000,29
1286987760000,29
1286988120000,30
1286988480000,32
1286988840000,30
1286989200000,30
1286989560000,29
1286989920000,30
1286990280000,29
1286990640000,31
1286991000000,31
1286991360000,31
1286991720000,29.41
1286992080000,29.25
1286992440000,28.54
1286992800000,27.44
1286993160000,27.82
1286993520000,27.33
1286993880000,30
1286994240000,27.93
1286994600000,26.51
1286994960000,25
1286995320000,25.74
1286995680000,23.2
1286996040000,26.89
1286996400000,25.41
1286996760000,25.74
1286997120000,23.5
1286997480000,23.72
1286997840000,24.15
1286998200000,22.07
1286998560000,24.26
1286998920000,24
1286999280000,23.06
1286999640000,23
1287000000000,24
1287000360000,22.35
1287000720000,22.46
1287001080000,22.51
1287001440000,21.42
1287001800000,21.42
1287002160000,23
1287002520000,20.27
1287002880000,20.81
1287003240000,20.1
1287003600000,19.44
1287003960000,19.12
1287004320000,17.47
1287004680000,20
1287005040000,20
1287005400000,20
1287005760000,19
1287006120000,19
1287006480000,19
1287006840000,19
1287007200000,18
1287007560000,17.2
1287007920000,18
1287008280000,18
1287008640000,18
1287009000000,17
1287009360000,17
1287009720000,17
1287010080000,17
1287010440000,18
1287010800000,17
1287011160000,18
1287011520000,18
1287011880000,18
1287012240000,17
1287012600000,17
1287012960000,17
1287013320000,19.17
1287013680000,20.21
1287014040000,19.12
1287014400000,16.13
1287014760000,16.48
1287015120000,14.51
1287015480000,16.2
1287015840000,18
1287016200000,16.55
1287016560000,17.11
1287016920000,18
1287017280000,16.62
1287017640000,15.56
1287018000000,18
1287018360000,18
1287018720000,16.83
1287019080000,16.83
1287019440000,16.55
1287019800000,17.32
1287020160000,16.55
1287020520000,16.55
1287020880000,15.7
1287021240000,17.11
1287021600000,16.06
1287021960000,16.69
1287022320000,17.39
1287022680000,18
1287023040000,17.25
1287023400000,18
1287023760000,16.34
1287024120000,18
1287024480000,17.04
1287024840000,18
1287025200000,18
1287025560000,18.38
1287025920000,18
1287026280000,18
1287026640000,18
1287027000000,19.17
1287027360000,19.72
1287027720000,20.32
1287028080000,22.9
1287028440000,21
1287028800000,22
1287029160000,22
1287029520000,21
1287029880000,22
1287030240000,22
1287030600000,25.6
1287030960000,23
1287031320000,22
1287031680000,22
1287032040000,23
1287032400000,23
1287032760000,26.29
1287033120000,24
1287033480000,24
1287033840000,24
1287034200000,24
1287034560000,24
1287034920000,26
1287035280000,25
1287035640000,23
1287036000000,24
1287036360000,25
1287036720000,26
1287037080000,26
1287037440000,26
1287037800000,25
1287038160000,25
1287038520000,26
1287038880000,26
1287039240000,26
1287039600000,25
1287039960000,25
1287040320000,25
1287040680000,26
1287041040000,26
1287041400000,26
1287041760000,26
1287042120000,26
1287042480000,26
1287042840000,26
1287043200000,27
1287043560000,27
1287043920000,27
1287044280000,28
1287044640000,28
1287045000000,29
1287045360000,28
1287045720000,26
1287046080000,26
1287046440000,26
1287046800000,26
1287047160000,26
1287047520000,26
1287047880000,24
1287048240000,25
1287048600000,25
1287048960000,25
1287049320000,25
1287049680000,23
1287050040000,24
1287050400000,24
1287050760000,25
1287051120000,25
1287051480000,25
1287051840000,24
1287052200000,24
1287052560000,25
1287052920000,25
1287053280000,25
1287053640000,24
1287054000000,24
1287054360000,24
1287054720000,25
1287055080000,25
1287055440000,24
1287055800000,24
1287056160000,24
1287056520000,24
1287056880000,24
1287057240000,25
1287057600000,23
1287057960000,23
1287058320000,23
1287058680000,24
1287059040000,24
1287059400000,24
1287059760000,23
1287060120000,23
1287060480000,24
1287060840000,24
1287061200000,24
1287061560000,23
1287061920000,23
1287062280000,23
1287062640000,24
1287063000000,24
1287063360000,24
1287063720000,23
1287064080000,23
1287064440000,23
1287064800000,24
1287065160000,23
1287065520000,23
1287065880000,23
1287066240000,23
1287066600000,24
1287066960000,24
1287067320000,24
1287067680000,24
1287068040000,25
1287068400000,26
1287068760000,27
1287069120000,28
1287069480000,29
1287069840000,29
1287070200000,29
1287070560000,29
1287070920000,29
1287071280000,28
1287071640000,29
1287072000000,29
1287072360000,29
1287072720000,29
1287073080000,27
1287073440000,30
1287073800000,29
1287074160000,29
1287074520000,30
1287074880000,32
1287075240000,30
1287075600000,30
1287075960000,29
1287076320000,30
1287076680000,29
1287077040000,31
1287077400000,31
1287077760000,31
1287078120000,29.41
1287078480000,29.25
1287078840000,28.54
1287079200000,27.44
1287079560000,27.82
1287079920000,27.33
1287080280000,30
1287080640000,27.93
1287081000000,26.51
1287081360000,25
1287081720000,25.74
1287082080000,23.2
1287082440000,26.89
1287082800000,25.41
1287083160000,25.74
1287083520000,23.5
1287083880000,23.72
1287084240000,24.15
1287084600000,22.07
1287084960000,24.26
1287085320000,24
1287085680000,23.06
1287086040000,23
1287086400000,24
1287086760000,22.35
1287087120000,22.46
1287087480000,22.51
1287087840000,21.42
1287088200000,21.42
1287088560000,23
1287088920000,20.27
1287089280000,20.81
1287089640000,20.1
1287090000000,19.44
1287090360000,19.12
1287090720000,17.47
1287091080000,20
1287091440000,20
1287091800000,20
1287092160000,19
1287092520000,19
1287092880000,19
1287093240000,19
1287093600000,18
1287093960000,17.2
1287094320000,18
1287094680000,18
1287095040000,18
1287095400000,17
1287095760000,17
1287096120000,17
1287096480000,17
1287096840000,18
1287097200000,17
1287097560000,18
1287097920000,18
1287098280000,18
1287098640000,17
1287099000000,17
1287099360000,17
1287099720000,19.17
1287100080000,20.21
1287100440000,19.12
1287100800000,16.13
1287101160000,16.48
1287101520000,14.51
1287101880000,16.2
1287102240000,18
1287102600000,16.55
1287102960000,17.11
1287103320000,18
1287103680000,16.62
1287104040000,15.56
1287104400000,18
1287104760000,18
1287105120000,16.83
1287105480000,16.83
1287105840000,16.55
1287106200000,17.32
1287106560000,16.55
1287106920000,16.55
1287107280000,15.7
1287107640000,17.11
1287108000000,16.06
1287108360000,16.69
1287108720000,17.39
1287109080000,18
1287109440000,17.25
1287109800000,18
1287110160000,16.34
1287110520000,18
1287110880000,17.04
1287111240000,18
1287111600000,18
1287111960000,18.38
1287112320000,18
1287112680000,18
1287113040000,18
1287113400000,19.17
1287113760000,19.72
1287114120000,20.32
1287114480000,22.9
1287114840000,21
1287115200000,22
1287115560000,22
1287115920000,21
1287116280000,22
1287116640000,22
1287117000000,25.6
1287117360000,23
1287117720000,22
1287118080000,22
1287118440000,23
1287118800000,23
1287119160000,26.29
1287119520000,24
1287119880000,24
1287120240000,24
1287120600000,24
1287120960000,24
1287121320000,26
1287121680000,25
1287122040000,23
1287122400000,24
1287122760000,25
1287123120000,26
1287123480000,26
1287123840000,26
1287124200000,25
1287124560000,25
1287124920000,26
1287125280000,26
1287125640000,26
1287126000000,25
1287126360000,25
1287126720000,25
1287127080000,26
1287127440000,26
1287127800000,26
1287128160000,26
1287128520000,26
1287128880000,26
1287129240000,26
1287129600000,27
1287129960000,27
1287130320000,27
1287130680000,28
1287131040000,28
1287131400000,29
1287131760000,28
1287132120000,26
1287132480000,26
1287132840000,26
1287133200000,26
1287133560000,26
1287133920000,26
1287134280000,24
1287134640000,25
1287135000000,25
1287135360000,25
1287135720000,25
1287136080000,23
1287136440000,24
1287136800000,24
1287137160000,25
1287137520000,25
1287137880000,25
1287138240000,24
1287138600000,24
1287138960000,25
1287139320000,25
1287139680000,25
1287140040000,24
1287140400000,24
1287140760000,24
1287141120000,25
1287141480000,25
1287141840000,24
1287142200000,24
1287142560000,24
1287142920000,24
1287143280000,24
1287143640000,25
1287144000000,23
1287144360000,23
1287144720000,23
1287145080000,24
1287145440000,24
1287145800000,24
1287146160000,23
1287146520000,23
1287146880000,24
1287147240000,24
1287147600000,24
1287147960000,23
1287148320000,23
1287148680000,23
1287149040000,24
1287149400000,24
1287149760000,24
1287150120000,23
1287150480000,23
1287150840000,23
1287151200000,24
1287151560000,23
1287151920000,23
1287152280000,23
1287152640000,23
1287153000000,24
1287153360000,24
1287153720000,24
1287154080000,24
1287154440000,25
1287154800000,26
1287155160000,27
1287155520000,28
1287155880000,29
1287156240000,29
1287156600000,29
1287156960000,29
1287157320000,29
1287157680000,28
1287158040000,29
1287158400000,29
1287158760000,29
1287159120000,29
1287159480000,27
1287159840000,30
1287160200000,29
1287160560000,29
1287160920000,30
1287161280000,32
1287161640000,30
1287162000000,30
1287162360000,29
1287162720000,30
1287163080000,29
1287163440000,31
1287163800000,31
1287164160000,31
1287164520000,29.41
1287164880000,29.25
1287165240000,28.54
1287165600000,27.44
1287165960000,27.82
1287166320000,27.33
1287166680000,30
1287167040000,27.93
1287167400000,26.51
1287167760000,25
1287168120000,25.74
1287168480000,23.2
1287168840000,26.89
1287169200000,25.41
1287169560000,25.74
1287169920000,23.5
1287170280000,23.72
1287170640000,24.15
1287171000000,22.07
1287171360000,24.26
1287171720000,24
1287172080000,23.06
1287172440000,23
1287172800000,24
1287173160000,22.35
1287173520000,22.46
1287173880000,22.51
1287174240000,21.42
1287174600000,21.42
1287174960000,23
1287175320000,20.27
1287175680000,20.81
1287176040000,20.1
1287176400000,19.44
1287176760000,19.12
1287177120000,17.47
1287177480000,20
1287177840000,20
1287178200000,20
1287178560000,19
1287178920000,19
1287179280000,19
1287179640000,19
1287180000000,18
1287180360000,17.2
1287180720000,18
1287181080000,18
1287181440000,18
1287181800000,17
1287182160000,17
1287182520000,17
1287182880000,17
1287183240000,18
1287183600000,17
1287183960000,18
1287184320000,18
1287184680000,18
1287185040000,17
1287185400000,17
1287185760000,17
1287186120000,19.17
1287186480000,20.21
1287186840000,19.12
1287187200000,16.13
1287187560000,16.48
1287187920000,14.51
1287188280000,16.2
1287188640000,18
1287189000000,16.55
1287189360000,17.11
1287189720000,18
1287190080000,16.62
1287190440000,15.56
1287190800000,18
1287191160000,18
1287191520000,16.83
1287191880000,16.83
1287192240000,16.55
1287192600000,17.32
1287192960000,16.55
1287193320000,16.55
1287193680000,15.7
1287194040000,17.11
1287194400000,16.06
1287194760000,16.69
1287195120000,17.39
1287195480000,18
1287195840000,17.25
1287196200000,18
1287196560000,16.34
1287196920000,18
1287197280000,17.04
1287197640000,18
1287198000000,18
1287198360000,18.38
1287198720000,18
1287199080000,18
1287199440000,18
1287199800000,19.17
1287200160000,19.72
1287200520000,20.32
1287200880000,22.9
1287201240000,21
1287201600000,22
1287201960000,22
1287202320000,21
1287202680000,22
1287203040000,22
1287203400000,25.6
1287203760000,23
1287204120000,22
1287204480000,22
1287204840000,23
1287205200000,23
1287205560000,26.29
1287205920000,24
1287206280000,24
1287206640000,24
1287207000000,24
1287207360000,24
1287207720000,26
1287208080000,25
1287208440000,23
1287208800000,24
1287209160000,25
1287209520000,26
1287209880000,26
1287210240000,26
1287210600000,25
1287210960000,25
1287211320000,26
1287211680000,26
1287212040000,26
1287212400000,25
1287212760000,25
1287213120000,25
1287213480000,26
1287213840000,26
1287214200000,26
1287214560000,26
1287214920000,26
1287215280000,26
1287215640000,26
1287216000000,27
1287216360000,27
1287216720000,27
1287217080000,28
1287217440000,28
1287217800000,29
1287218160000,28
1287218520000,26
1287218880000,26
1287219240000,26
1287219600000,26
1287219960000,26
1287220320000,26
1287220680000,24
1287221040000,25
1287221400000,25
1287221760000,25
1287222120000,25
1287222480000,23
1287222840000,24
1287223200000,24
1287223560000,25
1287223920000,25
1287224280000,25
1287224640000,24
1287225000000,24
1287225360000,25
1287225720000,25
1287226080000,25
1287226440000,24
1287226800000,24
1287227160000,24
1287227520000,25
1287227880000,25
1287228240000,24
1287228600000,24
1287228960000,24
1287229320000,24
1287229680000,24
1287230040000,25
1287230400000,23
1287230760000,23
1287231120000,23
1287231480000,24
1287231840000,24
1287232200000,24
1287232560000,23
1287232920000,23
1287233280000,24
1287233640000,24
1287234000000,24
1287234360000,23
1287234720000,23
1287235080000,23
1287235440000,24
1287235800000,24
1287236160000,24
1287236520000,23
1287236880000,23
1287237240000,23
1287237600000,24
1287237960000,23
1287238320000,23
1287238680000,23
1287239040000,23
1287239400000,24
1287239760000,24
1287240120000,24
1287240480000,24
1287240840000,25
1287241200000,26
1287241560000,27
1287241920000,28
1287242280000,29
1287242640000,29
1287243000000,29
1287243360000,29
1287243720000,29
1287244080000,28
1287244440000,29
1287244800000,29
1287245160000,29
1287245520000,29
1287245880000,27
1287246240000,30
1287246600000,29
1287246960000,29
1287247320000,30
1287247680000,32
1287248040000,30
1287248400000,30
1287248760000,29
1287249120000,30
1287249480000,29
1287249840000,31
1287250200000,31
1287250560000,31
1287250920000,29.41
1287251280000,29.25
1287251640000,28.54
1287252000000,27.44
1287252360000,27.82
1287252720000,27.33
1287253080000,30
1287253440000,27.93
1287253800000,26.51
1287254160000,25
1287254520000,25.74
1287254880000,23.2
1287255240000,26.89
1287255600000,25.41
1287255960000,25.74
1287256320000,23.5
1287256680000,23.72
1287257040000,24.15
1287257400000,22.07
1287257760000,24.26
1287258120000,24
1287258480000,23.06
1287258840000,23
1287259200000,24
1287259560000,22.35
1287259920000,22.46
1287260280000,22.51
1287260640000,21.42
1287261000000,21.42
1287261360000,23
1287261720000,20.27
1287262080000,20.81
1287262440000,20.1
1287262800000,19.44
1287263160000,19.12
1287263520000,17.47
1287263880000,20
1287264240000,20
1287264600000,20
1287264960000,19
1287265320000,19
1287265680000,19
1287266040000,19
1287266400000,18
1287266760000,17.2
1287267120000,18
1287267480000,18
1287267840000,18
1287268200000,17
1287268560000,17
1287268920000,17
1287269280000,17
1287269640000,18
1287270000000,17
1287270360000,18
1287270720000,18
1287271080000,18
1287271440000,17
1287271800000,17
1287272160000,17
1287272520000,19.17
1287272880000,20.21
1287273240000,19.12
1287273600000,16.13
1287273960000,16.48
1287274320000,14.51
1287274680000,16.2
1287275040000,18
1287275400000,16.55
1287275760000,17.11
1287276120000,18
1287276480000,16.62
1287276840000,15.56
1287277200000,18
1287277560000,18
1287277920000,16.83
1287278280000,16.83
1287278640000,16.55
1287279000000,17.32
1287279360000,16.55
1287279720000,16.55
1287280080000,15.7
1287280440000,17.11
1287280800000,16.06
1287281160000,16.69
1287281520000,17.39
1287281880000,18
1287282240000,17.25
1287282600000,18
1287282960000,16.34
1287283320000,18
1287283680000,17.04
1287284040000,18
1287284400000,18
1287284760000,18.38
1287285120000,18
1287285480000,18
1287285840000,18
1287286200000,19.17
1287286560000,19.72
1287286920000,20.32
1287287280000,22.9
1287287640000,21
1287288000000,22
1287288360000,22
1287288720000,21
1287289080000,22
1287289440000,22
1287289800000,25.6
1287290160000,23
1287290520000,22
1287290880000,22
1287291240000,23
1287291600000,23
1287291960000,26.29
1287292320000,24
1287292680000,24
1287293040000,24
1287293400000,24
1287293760000,24
1287294120000,26
1287294480000,25
1287294840000,23
1287295200000,24
1287295560000,25
1287295920000,26
1287296280000,26
1287296640000,26
1287297000000,25
1287297360000,25
1287297720000,26
1287298080000,26
1287298440000,26
1287298800000,25
1287299160000,25
1287299520000,25
1287299880000,26
1287300240000,26
1287300600000,26
1287300960000,26
1287301320000,26
1287301680000,26
1287302040000,26
1287302400000,27
1287302760000,27
1287303120000,27
1287303480000,28
1287303840000,28
1287304200000,29
1287304560000,28
1287304920000,26
1287305280000,26
1287305640000,26
1287306000000,26
1287306360000,26
1287306720000,26
1287307080000,24
1287307440000,25
1287307800000,25
1287308160000,25
1287308520000,25
1287308880000,23
1287309240000,24
1287309600000,24
1287309960000,25
1287310320000,25
1287310680000,25
1287311040000,24
1287311400000,24
1287311760000,25
1287312120000,25
1287312480000,25
1287312840000,24
1287313200000,24
1287313560000,24
1287313920000,25
1287314280000,25
1287314640000,24
1287315000000,24
1287315360000,24
1287315720000,24
1287316080000,24
1287316440000,25
1287316800000,23
1287317160000,23
1287317520000,23
1287317880000,24
1287318240000,24
1287318600000,24
1287318960000,23
1287319320000,23
1287319680000,24
1287320040000,24
1287320400000,24
1287320760000,23
1287321120000,23
1287321480000,23
1287321840000,24
1287322200000,24
1287322560000,24
1287322920000,23
1287323280000,23
1287323640000,23
1287324000000,24
1287324360000,23
1287324720000,23
1287325080000,23
1287325440000,23
1287325800000,24
1287326160000,24
1287326520000,24
1287326880000,24
1287327240000,25
1287327600000,26
1287327960000,27
1287328320000,28
1287328680000,29
1287329040000,29
1287329400000,29
1287329760000,29
1287330120000,29
1287330480000,28
1287330840000,29
1287331200000,29
1287331560000,29
1287331920000,29
1287332280000,27
1287332640000,30
1287333000000,29
1287333360000,29
1287333720000,30
1287334080000,32
1287334440000,30
1287334800000,30
1287335160000,29
1287335520000,30
1287335880000,29
1287336240000,31
1287336600000,31
1287336960000,31
1287337320000,29.41
1287337680000,29.25
1287338040000,28.54
1287338400000,27.44
1287338760000,27.82
1287339120000,27.33
1287339480000,30
1287339840000,27.93
1287340200000,26.51
1287340560000,25
1287340920000,25.74
1287341280000,23.2
1287341640000,26.89
1287342000000,25.41
1287342360000,25.74
1287342720000,23.5
1287343080000,23.72
1287343440000,24.15
1287343800000,22.07
1287344160000,24.26
1287344520000,24
1287344880000,23.06
1287345240000,23
1287345600000,24
1287345960000,22.35
1287346320000,22.46
1287346680000,22.51
1287347040000,21.42
1287347400000,21.42
1287347760000,23
1287348120000,20.27
1287348480000,20.81
1287348840000,20.1
1287349200000,19.44
1287349560000,19.12
1287349920000,17.47
1287350280000,20
1287350640000,20
1287351000000,20
1287351360000,19
1287351720000,19
1287352080000,19
1287352440000,19
1287352800000,18
1287353160000,17.2
1287353520000,18
1287353880000,18
1287354240000,18
1287354600000,17
1287354960000,17
1287355320000,17
1287355680000,17
1287356040000,18
1287356400000,17
1287356760000,18
1287357120000,18
1287357480000,18
1287357840000,17
1287358200000,17
1287358560000,17
1287358920000,19.17
1287359280000,20.21
1287359640000,19.12
1287360000000,16.13
1287360360000,16.48
1287360720000,14.51
1287361080000,16.2
1287361440000,18
1287361800000,16.55
1287362160000,17.11
1287362520000,18
1287362880000,16.62
1287363240000,15.56
1287363600000,18
1287363960000,18
1287364320000,16.83
1287364680000,16.83
1287365040000,16.55
1287365400000,17.32
1287365760000,16.55
1287366120000,16.55
1287366480000,15.7
1287366840000,17.11
1287367200000,16.06
1287367560000,16.69
1287367920000,17.39
1287368280000,18
1287368640000,17.25
1287369000000,18
1287369360000,16.34
1287369720000,18
1287370080000,17.04
1287370440000,18
1287370800000,18
1287371160000,18.38
1287371520000,18
1287371880000,18
1287372240000,18
1287372600000,19.17
1287372960000,19.72
1287373320000,20.32
1287373680000,22.9
1287374040000,21
1287374400000,22
1287374760000,22
1287375120000,21
1287375480000,22
1287375840000,22
1287376200000,25.6
1287376560000,23
1287376920000,22
1287377280000,22
1287377640000,23
1287378000000,23
1287378360000,26.29
1287378720000,24
1287379080000,24
1287379440000,24
1287379800000,24
1287380160000,24
1287380520000,26
1287380880000,25
1287381240000,23
1287381600000,24
1287381960000,25
1287382320000,26
1287382680000,26
1287383040000,26
1287383400000,25
1287383760000,25
1287384120000,26
1287384480000,26
1287384840000,26
1287385200000,25
1287385560000,25
1287385920000,25
1287386280000,26
1287386640000,26
1287387000000,26
1287387360000,26
1287387720000,26
1287388080000,26
1287388440000,26
1287388800000,27
1287389160000,27
1287389520000,27
1287389880000,28
1287390240000,28
1287390600000,29
1287390960000,28
1287391320000,26
1287391680000,26
1287392040000,26
1287392400000,26
1287392760000,26
1287393120000,26
1287393480000,24
1287393840000,25
1287394200000,25
1287394560000,25
1287394920000,25
1287395280000,23
1287395640000,24
1287396000000,24
1287396360000,25
1287396720000,25
1287397080000,25
1287397440000,24
1287397800000,24
1287398160000,25
1287398520000,25
1287398880000,25
1287399240000,24
1287399600000,24
1287399960000,24
1287400320000,25
1287400680000,25
1287401040000,24
1287401400000,24
1287401760000,24
1287402120000,24
1287402480000,24
1287402840000,25
1287403200000,23
1287403560000,23
1287403920000,23
1287404280000,24
1287404640000,24
1287405000000,24
1287405360000,23
1287405720000,23
1287406080000,24
1287406440000,24
1287406800000,24
1287407160000,23
1287407520000,23
1287407880000,23
1287408240000,24
1287408600000,24
1287408960000,24
1287409320000,23
1287409680000,23
1287410040000,23
1287410400000,24
1287410760000,23
1287411120000,23
1287411480000,23
1287411840000,23
1287412200000,24
1287412560000,24
1287412920000,24
1287413280000,24
1287413640000,25
1287414000000,26
1287414360000,27
1287414720000,28
1287415080000,29
1287415440000,29
1287415800000,29
1287416160000,29
1287416520000,29
1287416880000,28
1287417240000,29
1287417600000,29
1287417960000,29
1287418320000,29
1287418680000,27
1287419040000,30
1287419400000,29
1287419760000,29
1287420120000,30
1287420480000,32
1287420840000,30
1287421200000,30
1287421560000,29
1287421920000,30
1287422280000,29
1287422640000,31
1287423000000,31
1287423360000,31
1287423720000,29.41
1287424080000,29.25
1287424440000,28.54
1287424800000,27.44
1287425160000,27.82
1287425520000,27.33
1287425880000,30
1287426240000,27.93
1287426600000,26.51
1287426960000,25
1287427320000,25.74
1287427680000,23.2
1287428040000,26.89
1287428400000,25.41
1287428760000,25.74
1287429120000,23.5
1287429480000,23.72
1287429840000,24.15
1287430200000,22.07
1287430560000,24.26
1287430920000,24
1287431280000,23.06
1287431640000,23
1287432000000,24
1287432360000,22.35
1287432720000,22.46
1287433080000,22.51
1287433440000,21.42
1287433800000,21.42
1287434160000,23
1287434520000,20.27
1287434880000,20.81
1287435240000,20.1
1287435600000,19.44
1287435960000,19.12
1287436320000,17.47
1287436680000,20
1287437040000,20
1287437400000,20
1287437760000,19
1287438120000,19
1287438480000,19
1287438840000,19
1287439200000,18
1287439560000,17.2
1287439920000,18
1287440280000,18
1287440640000,18
1287441000000,17
1287441360000,17
1287441720000,17
1287442080000,17
1287442440000,18
1287442800000,17
1287443160000,18
1287443520000,18
1287443880000,18
1287444240000,17
1287444600000,17
1287444960000,17
1287445320000,19.17
1287445680000,20.21
1287446040000,19.12
1287446400000,16.13
1287446760000,16.48
1287447120000,14.51
1287447480000,16.2
1287447840000,18
1287448200000,16.55
1287448560000,17.11
1287448920000,18
1287449280000,16.62
1287449640000,15.56
1287450000000,18
1287450360000,18
1287450720000,16.83
1287451080000,16.83
1287451440000,16.55
1287451800000,17.32
1287452160000,16.55
1287452520000,16.55
1287452880000,15.7
1287453240000,17.11
1287453600000,16.06
1287453960000,16.69
1287454320000,17.39
1287454680000,18
1287455040000,17.25
1287455400000,18
1287455760000,16.34
1287456120000,18
1287456480000,17.04
1287456840000,18
1287457200000,18
1287457560000,18.38
1287457920000,18
1287458280000,18
1287458640000,18
1287459000000,19.17
1287459360000,19.72
1287459720000,20.32
1287460080000,22.9
1287460440000,21
1287460800000,22
1287461160000,22
1287461520000,21
1287461880000,22
1287462240000,22
1287462600000,25.6
1287462960000,23
1287463320000,22
1287463680000,22
1287464040000,23
1287464400000,23
1287464760000,26.29
1287465120000,24
1287465480000,24
1287465840000,24
1287466200000,24
1287466560000,24
1287466920000,26
1287467280000,25
1287467640000,23
1287468000000,24
1287468360000,25
1287468720000,26
1287469080000,26
1287469440000,26
1287469800000,25
1287470160000,25
1287470520000,26
1287470880000,26
1287471240000,26
1287471600000,25
1287471960000,25
1287472320000,25
1287472680000,26
1287473040000,26
1287473400000,26
1287473760000,26
1287474120000,26
1287474480000,26
1287474840000,26
1287475200000,27
1287475560000,27
1287475920000,27
1287476280000,28
1287476640000,28
1287477000000,29
1287477360000,28
1287477720000,26
1287478080000,26
1287478440000,26
1287478800000,26
1287479160000,26
1287479520000,26
1287479880000,24
1287480240000,25
1287480600000,25
1287480960000,25
1287481320000,25
1287481680000,23
1287482040000,24
1287482400000,24
1287482760000,25
1287483120000,25
1287483480000,25
1287483840000,24
1287484200000,24
1287484560000,25
1287484920000,25
1287485280000,25
1287485640000,24
1287486000000,24
1287486360000,24
1287486720000,25
1287487080000,25
1287487440000,24
1287487800000,24
1287488160000,24
1287488520000,24
1287488880000,24
1287489240000,25
1287489600000,23
1287489960000,23
1287490320000,23
1287490680000,24
1287491040000,24
1287491400000,24
1287491760000,23
1287492120000,23
1287492480000,24
1287492840000,24
1287493200000,24
1287493560000,23
1287493920000,23
1287494280000,23
1287494640000,24
1287495000000,24
1287495360000,24
1287495720000,23
1287496080000,23
1287496440000,23
1287496800000,24
1287497160000,23
1287497520000,23
1287497880000,23
1287498240000,23
1287498600000,24
1287498960000,24
1287499320000,24
1287499680000,24
1287500040000,25
1287500400000,26
1287500760000,27
1287501120000,28
1287501480000,29
1287501840000,29
1287502200000,29
1287502560000,29
1287502920000,29
1287503280000,28
1287503640000,29
1287504000000,29
1287504360000,29
1287504720000,29
1287505080000,27
1287505440000,30
1287505800000,29
1287506160000,29
1287506520000,30
1287506880000,32
1287507240000,30
1287507600000,30
1287507960000,29
1287508320000,30
1287508680000,29
1287509040000,31
1287509400000,31
1287509760000,31
1287510120000,29.41
1287510480000,29.25
1287510840000,28.54
1287511200000,27.44
1287511560000,27.82
1287511920000,27.33
1287512280000,30
1287512640000,27.93
1287513000000,26.51
1287513360000,25
1287513720000,25.74
1287514080000,23.2
1287514440000,26.89
1287514800000,25.41
1287515160000,25.74
1287515520000,23.5
1287515880000,23.72
1287516240000,24.15
1287516600000,22.07
1287516960000,24.26
1287517320000,24
1287517680000,23.06
1287518040000,23
1287518400000,24
1287518760000,22.35
1287519120000,22.46
1287519480000,22.51
1287519840000,21.42
1287520200000,21.42
1287520560000,23
1287520920000,20.27
1287521280000,20.81
1287521640000,20.1
1287522000000,19.44
1287522360000,19.12
1287522720000,17.47
1287523080000,20
1287523440000,20
1287523800000,20
1287524160000,19
1287524520000,19
1287524880000,19
1287525240000,19
1287525600000,18
1287525960000,17.2
1287526320000,18
1287526680000,18
1287527040000,18
1287527400000,17
1287527760000,17
1287528120000,17
1287528480000,17
1287528840000,18
1287529200000,17
1287529560000,18
1287529920000,18
1287530280000,18
1287530640000,17
1287531000000,17
1287531360000,17
1287531720000,19.17
1287532080000,20.21
1287532440000,19.12
1287532800000,16.13
1287533160000,16.48
1287533520000,14.51
1287533880000,16.2
1287534240000,18
1287534600000,16.55
1287534960000,17.11
1287535320000,18
1287535680000,16.62
1287536040000,15.56
1287536400000,18
1287536760000,18
1287537120000,16.83
1287537480000,16.83
1287537840000,16.55
1287538200000,17.32
1287538560000,16.55
1287538920000,16.55
1287539280000,15.7
1287539640000,17.11
1287540000000,16.06
1287540360000,16.69
1287540720000,17.39
1287541080000,18
1287541440000,17.25
1287541800000,18
1287542160000,16.34
1287542520000,18
1287542880000,17.04
1287543240000,18
1287543600000,18
1287543960000,18.38
1287544320000,18
1287544680000,18
1287545040000,18
1287545400000,19.17
1287545760000,19.72
1287546120000,20.32
1287546480000,22.9
1287546840000,21
1287547200000,22
1287547560000,22
1287547920000,21
1287548280000,22
1287548640000,22
1287549000000,25.6
1287549360000,23
1287549720000,22
1287550080000,22
1287550440000,23
1287550800000,23
1287551160000,26.29
1287551520000,24
1287551880000,24
1287552240000,24
1287552600000,24
1287552960000,24
1287553320000,26
1287553680000,25
1287554040000,23
1287554400000,24
1287554760000,25
1287555120000,26
1287555480000,26
1287555840000,26
1287556200000,25
1287556560000,25
1287556920000,26
1287557280000,26
1287557640000,26
1287558000000,25
1287558360000,25
1287558720000,25
1287559080000,26
1287559440000,26
1287559800000,26
1287560160000,26
1287560520000,26
1287560880000,26
1287561240000,26
1287561600000,27
1287561960000,27
1287562320000,27
1287562680000,28
1287563040000,28
1287563400000,29
1287563760000,28
1287564120000,26
1287564480000,26
1287564840000,26
1287565200000,26
1287565560000,26
1287565920000,26
1287566280000,24
1287566640000,25
1287567000000,25
1287567360000,25
1287567720000,25
1287568080000,23
1287568440000,24
1287568800000,24
1287569160000,25
1287569520000,25
1287569880000,25
1287570240000,24
1287570600000,24
1287570960000,25
1287571320000,25
1287571680000,25
1287572040000,24
1287572400000,24
1287572760000,24
1287573120000,25
1287573480000,25
1287573840000,24
1287574200000,24
1287574560000,24
1287574920000,24
1287575280000,24
1287575640000,25
1287576000000,23
1287576360000,23
1287576720000,23
1287577080000,24
1287577440000,24
1287577800000,24
1287578160000,23
1287578520000,23
1287578880000,24
1287579240000,24
1287579600000,24
1287579960000,23
1287580320000,23
1287580680000,23
1287581040000,24
1287581400000,24
1287581760000,24
1287582120000,23
1287582480000,23
1287582840000,23
1287583200000,24
1287583560000,23
1287583920000,23
1287584280000,23
1287584640000,23
1287585000000,24
1287585360000,24
1287585720000,24
1287586080000,24
1287586440000,25
1287586800000,26
1287587160000,27
1287587520000,28
1287587880000,29
1287588240000,29
1287588600000,29
1287588960000,29
1287589320000,29
1287589680000,28
1287590040000,29
1287590400000,29
1287590760000,29
1287591120000,29
1287591480000,27
1287591840000,30
1287592200000,29
1287592560000,29
1287592920000,30
1287593280000,32
1287593640000,30
1287594000000,30
1287594360000,29
1287594720000,30
1287595080000,29
1287595440000,31
1287595800000,31
1287596160000,31
1287596520000,29.41
1287596880000,29.25
1287597240000,28.54
1287597600000,27.44
1287597960000,27.82
1287598320000,27.33
1287598680000,30
1287599040000,27.93
1287599400000,26.51
1287599760000,25
1287600120000,25.74
1287600480000,23.2
1287600840000,26.89
1287601200000,25.41
1287601560000,25.74
1287601920000,23.5
1287602280000,23.72
1287602640000,24.15
1287603000000,22.07
1287603360000,24.26
1287603720000,24
1287604080000,23.06
1287604440000,23
1287604800000,24
1287605160000,22.35
1287605520000,22.46
1287605880000,22.51
1287606240000,21.42
1287606600000,21.42
1287606960000,23
1287607320000,20.27
1287607680000,20.81
1287608040000,20.1
1287608400000,19.44
1287608760000,19.12
1287609120000,17.47
1287609480000,20
1287609840000,20
1287610200000,20
1287610560000,19
1287610920000,19
1287611280000,19
1287611640000,19
1287612000000,18
1287612360000,17.2
1287612720000,18
1287613080000,18
1287613440000,18
1287613800000,17
1287614160000,17
1287614520000,17
1287614880000,17
1287615240000,18
1287615600000,17
1287615960000,18
1287616320000,18
1287616680000,18
1287617040000,17
1287617400000,17
1287617760000,17
1287618120000,19.17
1287618480000,20.21
1287618840000,19.12
1287619200000,16.13
1287619560000,16.48
1287619920000,14.51
1287620280000,16.2
1287620640000,18
1287621000000,16.55
1287621360000,17.11
1287621720000,18
1287622080000,16.62
1287622440000,15.56
1287622800000,18
1287623160000,18
1287623520000,16.83
1287623880000,16.83
1287624240000,16.55
1287624600000,17.32
1287624960000,16.55
1287625320000,16.55
1287625680000,15.7
1287626040000,17.11
1287626400000,16.06
1287626760000,16.69
1287627120000,17.39
1287627480000,18
1287627840000,17.25
1287628200000,18
1287628560000,16.34
1287628920000,18
1287629280000,17.04
1287629640000,18
1287630000000,18
1287630360000,18.38
1287630720000,18
1287631080000,18
1287631440000,18
1287631800000,19.17
1287632160000,19.72
1287632520000,20.32
1287632880000,22.9
1287633240000,21
1287633600000,22
1287633960000,22
1287634320000,21
1287634680000,22
1287635040000,22
1287635400000,25.6
1287635760000,23
1287636120000,22
1287636480000,22
1287636840000,23
1287637200000,23
1287637560000,26.29
1287637920000,24
1287638280000,24
1287638640000,24
1287639000000,24
1287639360000,24
1287639720000,26
1287640080000,25
1287640440000,23
1287640800000,24
1287641160000,25
1287641520000,26
1287641880000,26
1287642240000,26
1287642600000,25
1287642960000,25
1287643320000,26
1287643680000,26
1287644040000,26
1287644400000,25
1287644760000,25
1287645120000,25
1287645480000,26
1287645840000,26
1287646200000,26
1287646560000,26
1287646920000,26
1287647280000,26
1287647640000,26
1287648000000,27
1287648360000,27
1287648720000,27
1287649080000,28
1287649440000,28
1287649800000,29
1287650160000,28
1287650520000,26
1287650880000,26
1287651240000,26
1287651600000,26
1287651960000,26
1287652320000,26
1287652680000,24
1287653040000,25
1287653400000,25
1287653760000,25
1287654120000,25
1287654480000,23
1287654840000,24
1287655200000,24
1287655560000,25
1287655920000,25
1287656280000,25
1287656640000,24
1287657000000,24
1287657360000,25
1287657720000,25
1287658080000,25
1287658440000,24
1287658800000,24
1287659160000,24
1287659520000,25
1287659880000,25
1287660240000,24
1287660600000,24
1287660960000,24
1287661320000,24
1287661680000,24
1287662040000,25
1287662400000,23
1287662760000,23
1287663120000,23
1287663480000,24
1287663840000,24
1287664200000,24
1287664560000,23
1287664920000,23
1287665280000,24
1287665640000,24
1287666000000,24
1287666360000,23
1287666720000,23
1287667080000,23
1287667440000,24
1287667800000,24
1287668160000,24
1287668520000,23
1287668880000,23
1287669240000,23
1287669600000,24
1287669960000,23
1287670320000,23
1287670680000,23
1287671040000,23
1287671400000,24
1287671760000,24
1287672120000,24
1287672480000,24
1287672840000,25
1287673200000,26
1287673560000,27
1287673920000,28
1287674280000,29
1287674640000,29
1287675000000,29
1287675360000,29
1287675720000,29
1287676080000,28
1287676440000,29
1287676800000,29
1287677160000,29
1287677520000,29
1287677880000,27
1287678240000,30
1287678600000,29
1287678960000,29
1287679320000,30
1287679680000,32
1287680040000,30
1287680400000,30
1287680760000,29
1287681120000,30
1287681480000,29
1287681840000,31
1287682200000,31
1287682560000,31
1287682920000,29.41
1287683280000,29.25
1287683640000,28.54
1287684000000,27.44
1287684360000,27.82
1287684720000,27.33
1287685080000,30
1287685440000,27.93
1287685800000,26.51
1287686160000,25
1287686520000,25.74
1287686880000,23.2
1287687240000,26.89
1287687600000,25.41
1287687960000,25.74
1287688320000,23.5
1287688680000,23.72
1287689040000,24.15
1287689400000,22.07
1287689760000,24.26
1287690120000,24
1287690480000,23.06
1287690840000,23
1287691200000,24
1287691560000,22.35
1287691920000,22.46
1287692280000,22.51
1287692640000,21.42
1287693000000,21.42
1287693360000,23
1287693720000,20.27
1287694080000,20.81
1287694440000,20.1
1287694800000,19.44
1287695160000,19.12
1287695520000,17.47
1287695880000,20
1287696240000,20
1287696600000,20
1287696960000,19
1287697320000,19
1287697680000,19
1287698040000,19
1287698400000,18
1287698760000,17.2
1287699120000,18
1287699480000,18
1287699840000,18
1287700200000,17
1287700560000,17
1287700920000,17
1287701280000,17
1287701640000,18
1287702000000,17
1287702360000,18
1287702720000,18
1287703080000,18
1287703440000,17
1287703800000,17
1287704160000,17
1287704520000,19.17
1287704880000,20.21
1287705240000,19.12
1287705600000,16.13
1287705960000,16.48
1287706320000,14.51
1287706680000,16.2
1287707040000,18
1287707400000,16.55
1287707760000,17.11
1287708120000,18
1287708480000,16.62
1287708840000,15.56
1287709200000,18
1287709560000,18
1287709920000,16.83
1287710280000,16.83
1287710640000,16.55
1287711000000,17.32
1287711360000,16.55
1287711720000,16.55
1287712080000,15.7
1287712440000,17.11
1287712800000,16.06
1287713160000,16.69
1287713520000,17.39
1287713880000,18
1287714240000,17.25
1287714600000,18
1287714960000,16.34
1287715320000,18
1287715680000,17.04
1287716040000,18
1287716400000,18
1287716760000,18.38
1287717120000,18
1287717480000,18
1287717840000,18
1287718200000,19.17
1287718560000,19.72
1287718920000,20.32
1287719280000,22.9
1287719640000,21
1287720000000,22
1287720360000,22
1287720720000,21
1287721080000,22
1287721440000,22
1287721800000,25.6
1287722160000,23
1287722520000,22
1287722880000,22
1287723240000,23
1287723600000,23
1287723960000,26.29
1287724320000,24
1287724680000,24
1287725040000,24
1287725400000,24
1287725760000,24
1287726120000,26
1287726480000,25
1287726840000,23
1287727200000,24
1287727560000,25
1287727920000,26
1287728280000,26
1287728640000,26
1287729000000,25
1287729360000,25
1287729720000,26
1287730080000,26
1287730440000,26
1287730800000,25
1287731160000,25
1287731520000,25
1287731880000,26
1287732240000,26
1287732600000,26
1287732960000,26
1287733320000,26
1287733680000,26
1287734040000,26
1287734400000,27
1287734760000,27
1287735120000,27
1287735480000,28
1287735840000,28
1287736200000,29
